USE BOOKSTORE;

INSERT INTO CATEGORY(DESCRIPTION)
VALUES('Science');
INSERT INTO CATEGORY(DESCRIPTION)
VALUES('Psychology');
INSERT INTO CATEGORY(DESCRIPTION)
VALUES('Fantasy');
INSERT INTO CATEGORY(DESCRIPTION)
VALUES('Mistery');
INSERT INTO CATEGORY(DESCRIPTION)
VALUES('Classic');
INSERT INTO CATEGORY(DESCRIPTION)
VALUES('Thriller');
INSERT INTO CATEGORY(DESCRIPTION)
VALUES('Design');


INSERT INTO AUTHOR(FIRST_NAME, LAST_NAME, NATIONALITY)
VALUES('Lee', 'Harper', 'American');
INSERT INTO AUTHOR(FIRST_NAME, LAST_NAME, NATIONALITY)
VALUES('Erich', 'Gamma', 'American');
INSERT INTO AUTHOR(FIRST_NAME, LAST_NAME, NATIONALITY)
VALUES('Richard', 'Helm', 'American');
INSERT INTO AUTHOR(FIRST_NAME, LAST_NAME, NATIONALITY)
VALUES('Ralph', 'Johnson', 'American');
INSERT INTO AUTHOR(FIRST_NAME, LAST_NAME, NATIONALITY)
VALUES('John', 'Vlissides', 'American');
INSERT INTO AUTHOR(FIRST_NAME, LAST_NAME, NATIONALITY)
VALUES('Scott', 'Fitzgerald', 'American');
INSERT INTO AUTHOR(FIRST_NAME, LAST_NAME, NATIONALITY)
VALUES('John Ronald Reuel', 'Tolkien', 'South African');
INSERT INTO AUTHOR(FIRST_NAME, LAST_NAME, NATIONALITY)
VALUES('Jane', 'Austen', 'British');
INSERT INTO AUTHOR(FIRST_NAME, LAST_NAME, NATIONALITY)
VALUES('Dan', 'Brown', 'American');
INSERT INTO AUTHOR(FIRST_NAME, LAST_NAME, NATIONALITY)
VALUES('Suzanne', 'Collins', 'American');
INSERT INTO AUTHOR(FIRST_NAME, LAST_NAME, NATIONALITY)
VALUES('Susan', 'Cain', 'American');
INSERT INTO AUTHOR(FIRST_NAME, LAST_NAME, NATIONALITY)
VALUES('James', 'Clear', 'American');
INSERT INTO AUTHOR(FIRST_NAME, LAST_NAME, NATIONALITY)
VALUES('Gillian', 'Flynn', 'American');

INSERT INTO BOOK(ISBN, TITLE, SYNOPSIS, STOCK, UNIT_PRICE, CATEGORY_ID)
VALUES('AAAAA','To Kill a Mockingbird','', 58, 45.00, 3);
INSERT INTO BOOK(ISBN, TITLE, SYNOPSIS, STOCK, UNIT_PRICE, CATEGORY_ID)
VALUES('BBBBB','The Great Gatsby','', 60, 82.40, 5);
INSERT INTO BOOK(ISBN, TITLE, SYNOPSIS, STOCK, UNIT_PRICE, CATEGORY_ID)
VALUES('CCCCC','The Hobbit','', 110, 43.80, 3);
INSERT INTO BOOK(ISBN, TITLE, SYNOPSIS, STOCK, UNIT_PRICE, CATEGORY_ID)
VALUES('DDDDD','The Hunger Games','', 90, 39.99, 6);
INSERT INTO BOOK(ISBN, TITLE, SYNOPSIS, STOCK, UNIT_PRICE, CATEGORY_ID)
VALUES('EEEEE','Design Patterns: Elements of Reusable Object-Oriented Software','', 34, 78.30, 7);
INSERT INTO BOOK(ISBN, TITLE, SYNOPSIS, STOCK, UNIT_PRICE, CATEGORY_ID)
VALUES('FFFFF','Quiet: The Power of Introverts in a World That Can’t Stop Talking','', 230, 31.55, 2);
INSERT INTO BOOK(ISBN, TITLE, SYNOPSIS, STOCK, UNIT_PRICE, CATEGORY_ID)
VALUES('GGGGG','The Da Vinci Code','', 20, 42.99, 4);
INSERT INTO BOOK(ISBN, TITLE, SYNOPSIS, STOCK, UNIT_PRICE, CATEGORY_ID)
VALUES('HHHHH','Pride and Prejudice','', 112, 46.10, 1);
INSERT INTO BOOK(ISBN, TITLE, SYNOPSIS, STOCK, UNIT_PRICE, CATEGORY_ID)
VALUES('IIIII','Atomic habits','', 33, 65.00, 2);
INSERT INTO BOOK(ISBN, TITLE, SYNOPSIS, STOCK, UNIT_PRICE, CATEGORY_ID)
VALUES('JJJJJ','Gone Girl','', 17, 76.11, 1);



INSERT INTO BOOK_AUTHOR(ISBN, AUTHOR_ID)
VALUES('AAAAA', 1);
INSERT INTO BOOK_AUTHOR(ISBN, AUTHOR_ID)
VALUES('BBBBB', 6);
INSERT INTO BOOK_AUTHOR(ISBN, AUTHOR_ID)
VALUES('CCCCC', 7);
INSERT INTO BOOK_AUTHOR(ISBN, AUTHOR_ID)
VALUES('DDDDD', 10);
INSERT INTO BOOK_AUTHOR(ISBN, AUTHOR_ID)
VALUES('EEEEE', 2);
INSERT INTO BOOK_AUTHOR(ISBN, AUTHOR_ID)
VALUES('EEEEE', 3);
INSERT INTO BOOK_AUTHOR(ISBN, AUTHOR_ID)
VALUES('EEEEE', 4);
INSERT INTO BOOK_AUTHOR(ISBN, AUTHOR_ID)
VALUES('EEEEE', 5);
INSERT INTO BOOK_AUTHOR(ISBN, AUTHOR_ID)
VALUES('FFFFF', 11);
INSERT INTO BOOK_AUTHOR(ISBN, AUTHOR_ID)
VALUES('GGGGG', 9);
INSERT INTO BOOK_AUTHOR(ISBN, AUTHOR_ID)
VALUES('HHHHH', 8);
INSERT INTO BOOK_AUTHOR(ISBN, AUTHOR_ID)
VALUES('IIIII', 12);
INSERT INTO BOOK_AUTHOR(ISBN, AUTHOR_ID)
VALUES('JJJJJ', 13);


INSERT INTO CUSTOMER (FIRST_NAME, LAST_NAME, DOB, EMAIL, PHONE, IS_IN_EMAIL_LIST) VALUES
('Alice', 'Johnson', '1990-04-15', 'alice.johnson@example.com', '0412 345 678', TRUE),
('Michael', 'Smith', '1985-11-23', 'michael.smith@example.com', '0401 234 567', FALSE),
('Sarah', 'Lee', '1992-06-05', 'sarah.lee@example.com', '0423 876 543', TRUE),
('David', 'Wong', '1978-09-14', 'david.wong@example.com', '0433 222 111', TRUE),
('Jessica', 'Brown', '1995-01-30', 'jessica.brown@example.com', '0455 678 999', FALSE),
('Thomas', 'Nguyen', '1980-12-07', 'thomas.nguyen@example.com', '0466 556 778', TRUE),
('Emily', 'Taylor', '1988-03-18', 'emily.taylor@example.com', '0415 666 333', FALSE),
('Daniel', 'Martin', '1991-08-25', 'daniel.martin@example.com', '0477 444 222', TRUE),
('Olivia', 'Davis', '1993-05-11', 'olivia.davis@example.com', '0488 333 111', TRUE),
('Chris', 'Wilson', '1975-10-29', 'chris.wilson@example.com', '0499 777 000', FALSE),
('Grace', 'Anderson', '1996-02-02', 'grace.anderson@example.com', '0400 121 212', TRUE),
('Liam', 'King', '1987-07-09', 'liam.king@example.com', '0411 999 888', FALSE),
('Sophia', 'Evans', '1994-12-19', 'sophia.evans@example.com', '0422 888 777', TRUE),
('Jacob', 'Moore', '1982-01-13', 'jacob.moore@example.com', '0433 777 666', TRUE),
('Chloe', 'White', '1990-11-04', 'chloe.white@example.com', '0444 222 333', FALSE),
('Nathan', 'Hall', '1989-06-22', 'nathan.hall@example.com', '0455 444 555', TRUE),
('Zoe', 'Scott', '1997-03-17', 'zoe.scott@example.com', '0466 888 999', TRUE),
('Aaron', 'Young', '1983-09-01', 'aaron.young@example.com', '0477 333 444', FALSE),
('Mia', 'Green', '1991-05-27', 'mia.green@example.com', '0488 555 666', TRUE),
('Ethan', 'Clark', '1986-04-08', 'ethan.clark@example.com', '0499 777 888', FALSE),
('EThan', 'Clark', '1986-04-08', 'ethan.clark@example.com', '0499 777 888', FALSE),
('Aaron', 'Young', '1983-09-01', 'aaron.young@example.com', '0477 333 444', FALSE);



INSERT INTO ADDRESS (UNIT, STREET_NO, STREET, SUBURB, POSTCODE, STATE, COUNTRY, IS_DEFAULT, CUSTOMER_ID) 
VALUES('12A', '45', 'George St', 'Sydney', '2000', 'NSW', 'Australia', TRUE, 1);
INSERT INTO ADDRESS (UNIT, STREET_NO, STREET, SUBURB, POSTCODE, STATE, COUNTRY, IS_DEFAULT, CUSTOMER_ID) 
VALUES(NULL, '18', 'Queen St', 'Brisbane', '4000', 'QLD', 'Australia', TRUE, 2);
INSERT INTO ADDRESS (UNIT, STREET_NO, STREET, SUBURB, POSTCODE, STATE, COUNTRY, IS_DEFAULT, CUSTOMER_ID) 
VALUES('2B', '88', 'Victoria Rd', 'Parramatta', '2150', 'NSW', 'Australia', TRUE, 3);
INSERT INTO ADDRESS (UNIT, STREET_NO, STREET, SUBURB, POSTCODE, STATE, COUNTRY, IS_DEFAULT, CUSTOMER_ID) 
VALUES(NULL, '10', 'King William St', 'Adelaide', '5000', 'SA', 'Australia', TRUE, 4);
INSERT INTO ADDRESS (UNIT, STREET_NO, STREET, SUBURB, POSTCODE, STATE, COUNTRY, IS_DEFAULT, CUSTOMER_ID) 
VALUES('7', '55', 'Collins St', 'Melbourne', '3000', 'VIC', 'Australia', TRUE, 5);
INSERT INTO ADDRESS (UNIT, STREET_NO, STREET, SUBURB, POSTCODE, STATE, COUNTRY, IS_DEFAULT, CUSTOMER_ID) 
VALUES('1', '101', 'Ann St', 'Brisbane', '4000', 'QLD', 'Australia', TRUE, 6);
INSERT INTO ADDRESS (UNIT, STREET_NO, STREET, SUBURB, POSTCODE, STATE, COUNTRY, IS_DEFAULT, CUSTOMER_ID) 
VALUES(NULL, '34', 'St Georges Terrace', 'Perth', '6000', 'WA', 'Australia', TRUE, 7);
INSERT INTO ADDRESS (UNIT, STREET_NO, STREET, SUBURB, POSTCODE, STATE, COUNTRY, IS_DEFAULT, CUSTOMER_ID) 
VALUES('4C', '76', 'Latrobe St', 'Melbourne', '3000', 'VIC', 'Australia', TRUE, 8);
INSERT INTO ADDRESS (UNIT, STREET_NO, STREET, SUBURB, POSTCODE, STATE, COUNTRY, IS_DEFAULT, CUSTOMER_ID) 
VALUES(NULL, '20', 'Macquarie St', 'Sydney', '2000', 'NSW', 'Australia', TRUE, 9);
INSERT INTO ADDRESS (UNIT, STREET_NO, STREET, SUBURB, POSTCODE, STATE, COUNTRY, IS_DEFAULT, CUSTOMER_ID) 
VALUES(NULL, '98', 'Franklin St', 'Adelaide', '5000', 'SA', 'Australia', TRUE, 10);
INSERT INTO ADDRESS (UNIT, STREET_NO, STREET, SUBURB, POSTCODE, STATE, COUNTRY, IS_DEFAULT, CUSTOMER_ID) 
VALUES('6', '120', 'Oxford St', 'Bondi Junction', '2022', 'NSW', 'Australia', TRUE, 11);
INSERT INTO ADDRESS (UNIT, STREET_NO, STREET, SUBURB, POSTCODE, STATE, COUNTRY, IS_DEFAULT, CUSTOMER_ID) 
VALUES(NULL, '59', 'Boundary St', 'West End', '4101', 'QLD', 'Australia', TRUE, 12);
INSERT INTO ADDRESS (UNIT, STREET_NO, STREET, SUBURB, POSTCODE, STATE, COUNTRY, IS_DEFAULT, CUSTOMER_ID) 
VALUES(NULL, '31', 'King St', 'Newtown', '2042', 'NSW', 'Australia', TRUE, 13);
INSERT INTO ADDRESS (UNIT, STREET_NO, STREET, SUBURB, POSTCODE, STATE, COUNTRY, IS_DEFAULT, CUSTOMER_ID) 
VALUES('5A', '22', 'Murray St', 'Hobart', '7000', 'TAS', 'Australia', TRUE, 14);
INSERT INTO ADDRESS (UNIT, STREET_NO, STREET, SUBURB, POSTCODE, STATE, COUNTRY, IS_DEFAULT, CUSTOMER_ID) 
VALUES(NULL, '11', 'Northbourne Ave', 'Canberra', '2601', 'ACT', 'Australia', TRUE, 15);
INSERT INTO ADDRESS (UNIT, STREET_NO, STREET, SUBURB, POSTCODE, STATE, COUNTRY, IS_DEFAULT, CUSTOMER_ID) 
VALUES('3', '78', 'Darley Rd', 'Manly', '2095', 'NSW', 'Australia', TRUE, 16);
INSERT INTO ADDRESS (UNIT, STREET_NO, STREET, SUBURB, POSTCODE, STATE, COUNTRY, IS_DEFAULT, CUSTOMER_ID) 
VALUES(NULL, '16', 'Grey St', 'St Kilda', '3182', 'VIC', 'Australia', TRUE, 17);
INSERT INTO ADDRESS (UNIT, STREET_NO, STREET, SUBURB, POSTCODE, STATE, COUNTRY, IS_DEFAULT, CUSTOMER_ID) 
VALUES('9', '90', 'Smith St', 'Fitzroy', '3065', 'VIC', 'Australia', TRUE, 18);
INSERT INTO ADDRESS (UNIT, STREET_NO, STREET, SUBURB, POSTCODE, STATE, COUNTRY, IS_DEFAULT, CUSTOMER_ID) 
VALUES(NULL, '63', 'Hutt St', 'Adelaide', '5000', 'SA', 'Australia', TRUE, 19);
INSERT INTO ADDRESS (UNIT, STREET_NO, STREET, SUBURB, POSTCODE, STATE, COUNTRY, IS_DEFAULT, CUSTOMER_ID) 
VALUES('2', '44', 'Clarence St', 'Sydney', '2000', 'NSW', 'Australia', TRUE, 20);
INSERT INTO ADDRESS (UNIT, STREET_NO, STREET, SUBURB, POSTCODE, STATE, COUNTRY, IS_DEFAULT, CUSTOMER_ID) 
VALUES('1B', '12', 'Liverpool St', 'Sydney', '2000', 'NSW', 'Australia', FALSE, 1);
INSERT INTO ADDRESS (UNIT, STREET_NO, STREET, SUBURB, POSTCODE, STATE, COUNTRY, IS_DEFAULT, CUSTOMER_ID) 
VALUES(NULL, '9', 'Adelaide St', 'Brisbane', '4000', 'QLD', 'Australia', FALSE, 2);
INSERT INTO ADDRESS (UNIT, STREET_NO, STREET, SUBURB, POSTCODE, STATE, COUNTRY, IS_DEFAULT, CUSTOMER_ID) 
VALUES('3C', '66', 'Church St', 'Parramatta', '2150', 'NSW', 'Australia', FALSE, 3);
INSERT INTO ADDRESS (UNIT, STREET_NO, STREET, SUBURB, POSTCODE, STATE, COUNTRY, IS_DEFAULT, CUSTOMER_ID) 
VALUES(NULL, '47', 'Pirie St', 'Adelaide', '5000', 'SA', 'Australia', FALSE, 4);
INSERT INTO ADDRESS (UNIT, STREET_NO, STREET, SUBURB, POSTCODE, STATE, COUNTRY, IS_DEFAULT, CUSTOMER_ID) 
VALUES('10', '200', 'Lygon St', 'Carlton', '3053', 'VIC', 'Australia', FALSE, 5);
INSERT INTO ADDRESS (UNIT, STREET_NO, STREET, SUBURB, POSTCODE, STATE, COUNTRY, IS_DEFAULT, CUSTOMER_ID) 
VALUES('5', '29', 'Campbell St', 'Haymarket', '2000', 'NSW', 'Australia', FALSE, 1);
INSERT INTO ADDRESS (UNIT, STREET_NO, STREET, SUBURB, POSTCODE, STATE, COUNTRY, IS_DEFAULT, CUSTOMER_ID) 
VALUES(NULL, '104', 'Wickham Terrace', 'Spring Hill', '4000', 'QLD', 'Australia', FALSE, 2);




INSERT INTO ORDERS (TOTAL, STATUS, REASON, CUSTOMER_ID) VALUES
(94.98, 'Completed', NULL, 1),
(73.75, 'Completed', NULL, 2),
(86.00, 'Cancelled', 'Payment failed', 3),
(102.47, 'Completed', NULL, 4),
(57.48, 'Pending', NULL, 5),
(115.00, 'Completed', NULL, 6),
(68.90, 'Completed', NULL, 7),
(97.25, 'Completed', NULL, 8),
(81.90, 'Cancelled', 'Out of stock', 9),
(64.75, 'Pending', NULL, 10),
(119.49, 'Completed', NULL, 11),
(49.80, 'Completed', NULL, 12),
(77.00, 'Completed', NULL, 13),
(89.98, 'Pending', NULL, 14),
(62.70, 'Completed', NULL, 15),
(91.45, 'Completed', NULL, 16),
(59.25, 'Cancelled', 'Invalid address', 17),
(105.90, 'Completed', NULL, 18),
(67.50, 'Pending', NULL, 19),
(98.99, 'Completed', NULL, 20);


INSERT INTO ORDER_DETAIL (UNIT_PRICE, QUANTITY, ISBN, ORDER_ID) VALUES
(29.99, 2, 'AAAAA', 1),
(17.00, 2, 'DDDDD', 1);

-- ORDER 2
INSERT INTO ORDER_DETAIL (UNIT_PRICE, QUANTITY, ISBN, ORDER_ID) VALUES
(18.75, 1, 'BBBBB', 2),
(22.50, 1, 'GGGGG', 2),
(16.25, 2, 'IIIII', 2);

-- ORDER 3
INSERT INTO ORDER_DETAIL (UNIT_PRICE, QUANTITY, ISBN, ORDER_ID) VALUES
(43.00, 2, 'JJJJJ', 3);

-- ORDER 4
INSERT INTO ORDER_DETAIL (UNIT_PRICE, QUANTITY, ISBN, ORDER_ID) VALUES
(33.49, 1, 'EEEEE', 4),
(34.99, 1, 'CCCCC', 4),
(34.00, 1, 'HHHHH', 4);

-- ORDER 5
INSERT INTO ORDER_DETAIL (UNIT_PRICE, QUANTITY, ISBN, ORDER_ID) VALUES
(28.74, 1, 'GGGGG', 5),
(14.37, 2, 'AAAAA', 5);

-- ORDER 6
INSERT INTO ORDER_DETAIL (UNIT_PRICE, QUANTITY, ISBN, ORDER_ID) VALUES
(38.00, 1, 'FFFFF', 6),
(25.00, 2, 'HHHHH', 6),
(27.00, 1, 'CCCCC', 6);

-- ORDER 7
INSERT INTO ORDER_DETAIL (UNIT_PRICE, QUANTITY, ISBN, ORDER_ID) VALUES
(22.90, 1, 'DDDDD', 7),
(23.00, 2, 'EEEEE', 7);

-- ORDER 8
INSERT INTO ORDER_DETAIL (UNIT_PRICE, QUANTITY, ISBN, ORDER_ID) VALUES
(32.25, 1, 'BBBBB', 8),
(20.00, 1, 'HHHHH', 8),
(15.00, 3, 'JJJJJ', 8);

-- ORDER 9
INSERT INTO ORDER_DETAIL (UNIT_PRICE, QUANTITY, ISBN, ORDER_ID) VALUES
(27.30, 3, 'CCCCC', 9);

-- ORDER 10
INSERT INTO ORDER_DETAIL (UNIT_PRICE, QUANTITY, ISBN, ORDER_ID) VALUES
(19.75, 2, 'IIIII', 10),
(25.25, 1, 'GGGGG', 10);

-- ORDER 11
INSERT INTO ORDER_DETAIL (UNIT_PRICE, QUANTITY, ISBN, ORDER_ID) VALUES
(39.99, 1, 'AAAAA', 11),
(29.75, 2, 'JJJJJ', 11),
(20.00, 1, 'DDDDD', 11);

-- ORDER 12
INSERT INTO ORDER_DETAIL (UNIT_PRICE, QUANTITY, ISBN, ORDER_ID) VALUES
(24.90, 2, 'EEEEE', 12);

-- ORDER 13
INSERT INTO ORDER_DETAIL (UNIT_PRICE, QUANTITY, ISBN, ORDER_ID) VALUES
(38.50, 2, 'GGGGG', 13);

-- ORDER 14
INSERT INTO ORDER_DETAIL (UNIT_PRICE, QUANTITY, ISBN, ORDER_ID) VALUES
(44.99, 2, 'BBBBB', 14);

-- ORDER 15
INSERT INTO ORDER_DETAIL (UNIT_PRICE, QUANTITY, ISBN, ORDER_ID) VALUES
(31.35, 1, 'FFFFF', 15),
(15.35, 2, 'DDDDD', 15);

-- ORDER 16
INSERT INTO ORDER_DETAIL (UNIT_PRICE, QUANTITY, ISBN, ORDER_ID) VALUES
(45.50, 1, 'HHHHH', 16),
(22.95, 2, 'CCCCC', 16);

-- ORDER 17
INSERT INTO ORDER_DETAIL (UNIT_PRICE, QUANTITY, ISBN, ORDER_ID) VALUES
(29.62, 2, 'EEEEE', 17);

-- ORDER 18
INSERT INTO ORDER_DETAIL (UNIT_PRICE, QUANTITY, ISBN, ORDER_ID) VALUES
(35.30, 1, 'GGGGG', 18),
(35.30, 2, 'HHHHH', 18);

-- ORDER 19
INSERT INTO ORDER_DETAIL (UNIT_PRICE, QUANTITY, ISBN, ORDER_ID) VALUES
(22.50, 3, 'AAAAA', 19);

-- ORDER 20
INSERT INTO ORDER_DETAIL (UNIT_PRICE, QUANTITY, ISBN, ORDER_ID) VALUES
(29.99, 2, 'JJJJJ', 20),
(19.01, 2, 'CCCCC', 20);
